{
  "optimal_gamma": 0.04738475418063631,
  "optimal_utility": -8.487375,
  "optimization_time": 71.71688604354858
}